-- phpMyAdmin SQL Dump
-- version 5.2.1
-- https://www.phpmyadmin.net/
--
-- Servidor: 127.0.0.1
-- Tiempo de generación: 09-11-2024 a las 13:21:38
-- Versión del servidor: 10.4.32-MariaDB
-- Versión de PHP: 8.0.30

SET SQL_MODE = "NO_AUTO_VALUE_ON_ZERO";
START TRANSACTION;
SET time_zone = "+00:00";


/*!40101 SET @OLD_CHARACTER_SET_CLIENT=@@CHARACTER_SET_CLIENT */;
/*!40101 SET @OLD_CHARACTER_SET_RESULTS=@@CHARACTER_SET_RESULTS */;
/*!40101 SET @OLD_COLLATION_CONNECTION=@@COLLATION_CONNECTION */;
/*!40101 SET NAMES utf8mb4 */;

--
-- Base de datos: `tarea2`
--

-- --------------------------------------------------------

--
-- Estructura de tabla para la tabla `credenciales`
--

CREATE TABLE `credenciales` (
  `id` int(11) NOT NULL,
  `usuario` varchar(100) NOT NULL,
  `password` varchar(100) NOT NULL,
  `idpersona` int(11) NOT NULL
) ENGINE=InnoDB DEFAULT CHARSET=utf8mb4 COLLATE=utf8mb4_general_ci;

--
-- Volcado de datos para la tabla `credenciales`
--

INSERT INTO `credenciales` (`id`, `usuario`, `password`, `idpersona`) VALUES
(0, 'ADMIN', 'admin', 0),
(1, 'JAVIERGESTOR', 'javier213', 1),
(2, 'PABLOGESTOR', 'pablo1234', 2),
(3, 'SAMUELPERSONAL', 'samuel2005', 3);

-- --------------------------------------------------------

--
-- Estructura de tabla para la tabla `ejemplares`
--

CREATE TABLE `ejemplares` (
  `id` int(11) NOT NULL,
  `nombre` varchar(100) NOT NULL,
  `codigoplanta` varchar(50) NOT NULL
) ENGINE=InnoDB DEFAULT CHARSET=utf8mb4 COLLATE=utf8mb4_general_ci;

--
-- Volcado de datos para la tabla `ejemplares`
--

INSERT INTO `ejemplares` (`id`, `nombre`, `codigoplanta`) VALUES
(1, '1_ALBAHACA', 'CDEF'),
(2, '2_ALOE', 'IJKL'),
(3, '3_ALBAHACA', 'CDEF'),
(4, '4_ALBAHACA', 'CDEF'),
(5, '5_ALOE', 'IJKL'),
(6, '6_AZALEA', 'OPQR'),
(7, '7_BEGONIA', 'IJKM'),
(8, '8_CACTUS', 'QRST'),
(9, '9_FICUS', 'CDGH'),
(10, '10_GARDENIA', 'WXYZ'),
(11, '11_GIRASOL', 'YZAB'),
(12, '12_HELECHO', 'RSTU'),
(13, '13_HORTENSIA', 'STUV'),
(14, '14_LIRIO', 'VWXY'),
(15, '15_LIRIO', 'VWXY'),
(16, '16_LIRIO', 'VWXY'),
(17, '17_ALBAHACA', 'CDEF'),
(18, '18_ALOE', 'IJKL'),
(19, '19_AZALEA', 'OPQR'),
(20, '20_BEGONIA', 'IJKM'),
(21, '21_BEGONIA', 'IJKM'),
(22, '22_BEGONIA', 'IJKM'),
(23, '23_CACTUS', 'QRST'),
(24, '24_FICUS', 'CDGH'),
(25, '25_GARDENIA', 'WXYZ'),
(26, '26_GARDENIA', 'WXYZ'),
(27, '27_LIRIO', 'VWXY'),
(28, '28_MARGARITA', 'NOPQ'),
(29, '29_MARGARITA', 'NOPQ'),
(30, '30_MARGARITA', 'NOPQ'),
(31, '31_ROMERO', 'MNOP'),
(32, '32_ROMERO', 'MNOP'),
(33, '33_ROMERO', 'MNOP'),
(34, '34_ROSA', 'HRTF'),
(35, '35_ROSA', 'HRTF'),
(36, '36_BEGONIA', 'IJKM'),
(37, '37_BEGONIA', 'IJKM'),
(38, '38_FICUS', 'CDGH'),
(39, '39_GARDENIA', 'WXYZ'),
(40, '40_CACTUS', 'QRST'),
(41, '41_BEGONIA', 'IJKM'),
(42, '42_FICUS', 'CDGH'),
(43, '43_GARDENIA', 'WXYZ'),
(44, '44_GIRASOL', 'YZAB'),
(45, '45_HELECHO', 'RSTU'),
(46, '46_GIRASOL', 'YZAB'),
(47, '47_FICUS', 'CDGH'),
(48, '48_CACTUS', 'QRST'),
(49, '49_BEGONIA', 'IJKM'),
(50, '50_FICUS', 'CDGH'),
(51, '51_GIRASOL', 'YZAB'),
(52, '52_GIRASOL', 'YZAB'),
(53, '53_GIRASOL', 'YZAB'),
(54, '54_HELECHO', 'RSTU'),
(55, '55_HELECHO', 'RSTU'),
(56, '56_HORTENSIA', 'STUV'),
(57, '57_HORTENSIA', 'STUV'),
(58, '58_HORTENSIA', 'STUV'),
(59, '59_HORTENSIA', 'STUV'),
(60, '60_ROSA', 'HRTF'),
(61, '61_ROSA', 'HRTF'),
(62, '62_ROSA', 'HRTF'),
(63, '63_ROSA', 'HRTF'),
(64, '64_ROMERO', 'MNOP'),
(65, '65_ROSA', 'HRTF'),
(66, '66_ROMERO', 'MNOP'),
(67, '67_ALOE', 'IJKL'),
(68, '68_CACTUS', 'QRST'),
(69, '69_ALBAHACA', 'CDEF'),
(70, '70_ALBAHACA', 'CDEF'),
(71, '71_ALBAHACA', 'CDEF'),
(72, '72_ALOE', 'IJKL'),
(73, '73_ALOE', 'IJKL'),
(74, '74_ALOE', 'IJKL'),
(75, '75_AZALEA', 'OPQR'),
(76, '76_AZALEA', 'OPQR'),
(77, '77_AZALEA', 'OPQR'),
(78, '78_BEGONIA', 'IJKM'),
(79, '79_BEGONIA', 'IJKM'),
(80, '80_BEGONIA', 'IJKM'),
(81, '81_CACTUS', 'QRST'),
(82, '82_CACTUS', 'QRST'),
(83, '83_CACTUS', 'QRST'),
(84, '84_FICUS', 'CDGH'),
(85, '85_FICUS', 'CDGH'),
(86, '86_FICUS', 'CDGH'),
(87, '87_GARDENIA', 'WXYZ'),
(88, '88_GARDENIA', 'WXYZ'),
(89, '89_GARDENIA', 'WXYZ'),
(90, '90_GIRASOL', 'YZAB'),
(91, '91_GIRASOL', 'YZAB'),
(92, '92_GIRASOL', 'YZAB'),
(93, '93_HELECHO', 'RSTU'),
(94, '94_HELECHO', 'RSTU'),
(95, '95_HELECHO', 'RSTU'),
(96, '96_HORTENSIA', 'STUV'),
(97, '97_HORTENSIA', 'STUV'),
(98, '98_HORTENSIA', 'STUV'),
(99, '99_ALBAHACA', 'CDEF'),
(100, '100_ALBAHACA', 'CDEF'),
(101, '101_LIRIO', 'VWXY'),
(102, '102_LIRIO', 'VWXY'),
(103, '103_LIRIO', 'VWXY'),
(104, '104_MANZANILLA', 'GHIJ'),
(105, '105_MANZANILLA', 'GHIJ'),
(106, '106_MANZANILLA', 'GHIJ'),
(107, '107_MANZANILLA', 'GHIJ'),
(108, '108_ROMERO', 'MNOP'),
(109, '109_ROMERO', 'MNOP'),
(110, '110_ROMERO', 'MNOP'),
(111, '111_MARGARITA', 'NOPQ'),
(112, '112_MARGARITA', 'NOPQ'),
(113, '113_ALBAHACA', 'CDEF'),
(114, '114_ROSA', 'HRTF'),
(115, '115_ROSA', 'HRTF'),
(116, '116_ROSA', 'HRTF'),
(117, '117_ROSA', 'HRTF'),
(118, '118_ALBAHACA', 'CDEF'),
(119, '119_ALBAHACA', 'CDEF'),
(120, '120_ALBAHACA', 'CDEF'),
(121, '121_ALBAHACA', 'CDEF'),
(122, '122_ALOE', 'IJKL'),
(123, '123_ALOE', 'IJKL'),
(124, '124_ALOE', 'IJKL'),
(125, '125_ALOE', 'IJKL'),
(126, '126_AZALEA', 'OPQR'),
(127, '127_AZALEA', 'OPQR'),
(128, '128_AZALEA', 'OPQR'),
(129, '129_BEGONIA', 'IJKM'),
(130, '130_BEGONIA', 'IJKM'),
(131, '131_BEGONIA', 'IJKM'),
(132, '132_FICUS', 'CDGH'),
(133, '133_FICUS', 'CDGH'),
(134, '134_GARDENIA', 'WXYZ'),
(135, '135_GARDENIA', 'WXYZ'),
(136, '136_GARDENIA', 'WXYZ'),
(137, '137_GARDENIA', 'WXYZ'),
(138, '138_GIRASOL', 'YZAB'),
(139, '139_HELECHO', 'RSTU'),
(140, '140_HORTENSIA', 'STUV'),
(141, '141_ALBAHACA', 'CDEF'),
(142, '142_LIRIO', 'VWXY'),
(143, '143_LIRIO', 'VWXY'),
(144, '144_LIRIO', 'VWXY'),
(145, '145_LIRIO', 'VWXY'),
(146, '146_LIRIO', 'VWXY'),
(147, '147_LIRIO', 'VWXY'),
(148, '148_LIRIO', 'VWXY'),
(149, '149_LIRIO', 'VWXY'),
(150, '150_LIRIO', 'VWXY'),
(151, '151_MARGARITA', 'NOPQ'),
(152, '152_MARGARITA', 'NOPQ'),
(153, '153_ROMERO', 'MNOP'),
(154, '154_ROMERO', 'MNOP'),
(155, '155_ROSA', 'HRTF'),
(156, '156_ROSA', 'HRTF'),
(157, '157_ALBAHACA', 'CDEF'),
(158, '158_ALBAHACA', 'CDEF'),
(159, '159_ALBAHACA', 'CDEF'),
(160, '160_ALBAHACA', 'CDEF'),
(161, '161_ALBAHACA', 'CDEF'),
(162, '162_ALOE', 'IJKL'),
(163, '163_ALOE', 'IJKL'),
(164, '164_ALOE', 'IJKL'),
(165, '165_ALOE', 'IJKL'),
(166, '166_ALOE', 'IJKL'),
(167, '167_AZALEA', 'OPQR'),
(168, '168_AZALEA', 'OPQR'),
(169, '169_AZALEA', 'OPQR'),
(170, '170_AZALEA', 'OPQR'),
(171, '171_AZALEA', 'OPQR'),
(172, '172_BEGONIA', 'IJKM'),
(173, '173_BEGONIA', 'IJKM'),
(174, '174_BEGONIA', 'IJKM'),
(175, '175_BEGONIA', 'IJKM'),
(176, '176_BEGONIA', 'IJKM'),
(177, '177_BEGONIA', 'IJKM'),
(178, '178_BEGONIA', 'IJKM'),
(179, '179_BEGONIA', 'IJKM'),
(180, '180_CACTUS', 'QRST'),
(181, '181_FICUS', 'CDGH'),
(182, '182_FICUS', 'CDGH'),
(183, '183_FICUS', 'CDGH'),
(184, '184_GARDENIA', 'WXYZ'),
(185, '185_GARDENIA', 'WXYZ'),
(186, '186_ALBAHACA', 'CDEF'),
(187, '187_GIRASOL', 'YZAB'),
(188, '188_GIRASOL', 'YZAB'),
(189, '189_HELECHO', 'RSTU'),
(190, '190_HELECHO', 'RSTU'),
(191, '191_HELECHO', 'RSTU'),
(192, '192_HELECHO', 'RSTU'),
(193, '193_HELECHO', 'RSTU'),
(194, '194_HELECHO', 'RSTU'),
(195, '195_HELECHO', 'RSTU'),
(196, '196_LIRIO', 'VWXY'),
(197, '197_ALBAHACA', 'CDEF'),
(198, '198_LIRIO', 'VWXY'),
(199, '199_LIRIO', 'VWXY'),
(200, '200_ALBAHACA', 'CDEF'),
(201, '201_LIRIO', 'VWXY'),
(202, '202_MANZANILLA', 'GHIJ'),
(203, '203_MANZANILLA', 'GHIJ'),
(204, '204_MANZANILLA', 'GHIJ'),
(205, '205_MANZANILLA', 'GHIJ'),
(206, '206_MANZANILLA', 'GHIJ'),
(207, '207_MANZANILLA', 'GHIJ'),
(208, '208_ALBAHACA', 'CDEF'),
(209, '209_MARGARITA', 'NOPQ'),
(210, '210_MARGARITA', 'NOPQ'),
(211, '211_ROMERO', 'MNOP'),
(212, '212_ROMERO', 'MNOP'),
(213, '213_ROMERO', 'MNOP'),
(214, '214_ROSA', 'HRTF'),
(215, '215_ROSA', 'HRTF'),
(216, '216_ROSA', 'HRTF'),
(217, '217_ROSA', 'HRTF'),
(218, '218_ROSA', 'HRTF'),
(219, '219_ROSA', 'HRTF'),
(220, '220_ROSA', 'HRTF'),
(221, '221_ROSA', 'HRTF'),
(222, '222_ALBAHACA', 'CDEF'),
(223, '223_ROMERO', 'MNOP'),
(224, '224_ROMERO', 'MNOP'),
(225, '225_ROMERO', 'MNOP'),
(226, '226_ROMERO', 'MNOP'),
(227, '227_ALBAHACA', 'CDEF'),
(228, '228_ROMERO', 'MNOP'),
(229, '229_ROMERO', 'MNOP'),
(230, '230_ROMERO', 'MNOP'),
(231, '231_ROMERO', 'MNOP'),
(232, '232_MARGARITA', 'NOPQ'),
(233, '233_MARGARITA', 'NOPQ'),
(234, '234_MARGARITA', 'NOPQ'),
(235, '235_ALBAHACA', 'CDEF'),
(236, '236_ALBAHACA', 'CDEF'),
(237, '237_ALBAHACA', 'CDEF'),
(238, '238_ALBAHACA', 'CDEF'),
(239, '239_ALBAHACA', 'CDEF'),
(240, '240_ALBAHACA', 'CDEF'),
(241, '241_ALBAHACA', 'CDEF'),
(242, '242_ALBAHACA', 'CDEF'),
(243, '243_ALBAHACA', 'CDEF'),
(244, '244_MANZANILLA', 'GHIJ'),
(245, '245_MANZANILLA', 'GHIJ'),
(246, '246_MANZANILLA', 'GHIJ'),
(247, '247_MANZANILLA', 'GHIJ'),
(248, '248_GIRASOL', 'YZAB'),
(249, '249_GIRASOL', 'YZAB'),
(250, '250_HELECHO', 'RSTU'),
(251, '251_FICUS', 'CDGH'),
(252, '252_GARDENIA', 'WXYZ'),
(253, '253_GIRASOL', 'YZAB'),
(254, '254_CACTUS', 'QRST'),
(255, '255_CACTUS', 'QRST'),
(256, '256_BEGONIA', 'IJKM'),
(257, '257_BEGONIA', 'IJKM'),
(258, '258_BEGONIA', 'IJKM'),
(259, '259_BEGONIA', 'IJKM'),
(260, '260_BEGONIA', 'IJKM'),
(261, '261_CACTUS', 'QRST'),
(262, '262_ALBAHACA', 'CDEF'),
(263, '263_CACTUS', 'QRST'),
(264, '264_CACTUS', 'QRST'),
(265, '265_FICUS', 'CDGH'),
(266, '266_LIRIO', 'VWXY'),
(267, '267_ROMERO', 'MNOP'),
(268, '268_ROMERO', 'MNOP'),
(269, '269_ROMERO', 'MNOP'),
(270, '270_ROMERO', 'MNOP'),
(271, '271_ROMERO', 'MNOP'),
(272, '272_ROMERO', 'MNOP'),
(273, '273_BEGONIA', 'IJKM'),
(274, '274_BEGONIA', 'IJKM'),
(275, '275_BEGONIA', 'IJKM'),
(276, '276_BEGONIA', 'IJKM'),
(277, '277_BEGONIA', 'IJKM'),
(278, '278_BEGONIA', 'IJKM'),
(279, '279_BEGONIA', 'IJKM'),
(280, '280_CACTUS', 'QRST');

-- --------------------------------------------------------

--
-- Estructura de tabla para la tabla `mensajes`
--

CREATE TABLE `mensajes` (
  `id` int(11) NOT NULL,
  `fechahora` datetime NOT NULL,
  `mensaje` varchar(100) NOT NULL,
  `idejemplar` int(11) NOT NULL,
  `idpersona` int(11) NOT NULL
) ENGINE=InnoDB DEFAULT CHARSET=utf8mb4 COLLATE=utf8mb4_general_ci;

--
-- Volcado de datos para la tabla `mensajes`
--

INSERT INTO `mensajes` (`id`, `fechahora`, `mensaje`, `idejemplar`, `idpersona`) VALUES
(1, '2024-11-09 12:31:27', 'Fecha: 2024-11-09 12:31:27 usuario: 0', 1, 0),
(2, '2024-11-09 12:33:00', 'Fecha: 2024-11-09 12:33:00 usuario: 0', 2, 0),
(3, '2024-11-09 12:33:01', 'Fecha: 2024-11-09 12:33:01 usuario: 0', 3, 0),
(4, '2024-11-09 12:33:01', 'Fecha: 2024-11-09 12:33:01 usuario: 0', 4, 0),
(5, '2024-11-09 12:33:02', 'Fecha: 2024-11-09 12:33:02 usuario: 0', 5, 0),
(6, '2024-11-09 12:33:03', 'Fecha: 2024-11-09 12:33:03 usuario: 0', 6, 0),
(7, '2024-11-09 12:33:03', 'Fecha: 2024-11-09 12:33:03 usuario: 0', 7, 0),
(8, '2024-11-09 12:33:03', 'Fecha: 2024-11-09 12:33:03 usuario: 0', 8, 0),
(9, '2024-11-09 12:33:04', 'Fecha: 2024-11-09 12:33:04 usuario: 0', 9, 0),
(10, '2024-11-09 12:33:04', 'Fecha: 2024-11-09 12:33:04 usuario: 0', 10, 0),
(11, '2024-11-09 12:33:04', 'Fecha: 2024-11-09 12:33:04 usuario: 0', 11, 0),
(12, '2024-11-09 12:33:05', 'Fecha: 2024-11-09 12:33:05 usuario: 0', 12, 0),
(13, '2024-11-09 12:33:07', 'Fecha: 2024-11-09 12:33:07 usuario: 0', 13, 0),
(14, '2024-11-09 12:33:07', 'Fecha: 2024-11-09 12:33:07 usuario: 0', 14, 0),
(15, '2024-11-09 12:33:08', 'Fecha: 2024-11-09 12:33:08 usuario: 0', 15, 0),
(16, '2024-11-09 12:33:09', 'Fecha: 2024-11-09 12:33:09 usuario: 0', 16, 0),
(17, '2024-11-09 12:33:10', 'Fecha: 2024-11-09 12:33:10 usuario: 0', 17, 0),
(18, '2024-11-09 12:33:10', 'Fecha: 2024-11-09 12:33:10 usuario: 0', 18, 0),
(19, '2024-11-09 12:33:11', 'Fecha: 2024-11-09 12:33:11 usuario: 0', 19, 0),
(20, '2024-11-09 12:33:12', 'Fecha: 2024-11-09 12:33:12 usuario: 0', 20, 0),
(21, '2024-11-09 12:33:12', 'Fecha: 2024-11-09 12:33:12 usuario: 0', 21, 0),
(22, '2024-11-09 12:33:13', 'Fecha: 2024-11-09 12:33:13 usuario: 0', 22, 0),
(23, '2024-11-09 12:33:13', 'Fecha: 2024-11-09 12:33:13 usuario: 0', 23, 0),
(24, '2024-11-09 12:33:14', 'Fecha: 2024-11-09 12:33:14 usuario: 0', 24, 0),
(25, '2024-11-09 12:33:14', 'Fecha: 2024-11-09 12:33:14 usuario: 0', 25, 0),
(26, '2024-11-09 12:33:15', 'Fecha: 2024-11-09 12:33:15 usuario: 0', 26, 0),
(27, '2024-11-09 12:33:15', 'Fecha: 2024-11-09 12:33:15 usuario: 0', 27, 0),
(28, '2024-11-09 12:33:16', 'Fecha: 2024-11-09 12:33:16 usuario: 0', 28, 0),
(29, '2024-11-09 12:33:17', 'Fecha: 2024-11-09 12:33:17 usuario: 0', 29, 0),
(30, '2024-11-09 12:33:17', 'Fecha: 2024-11-09 12:33:17 usuario: 0', 30, 0),
(31, '2024-11-09 12:33:19', 'Fecha: 2024-11-09 12:33:19 usuario: 0', 31, 0),
(32, '2024-11-09 12:33:19', 'Fecha: 2024-11-09 12:33:19 usuario: 0', 32, 0),
(33, '2024-11-09 12:33:20', 'Fecha: 2024-11-09 12:33:20 usuario: 0', 33, 0),
(34, '2024-11-09 12:33:21', 'Fecha: 2024-11-09 12:33:21 usuario: 0', 34, 0),
(35, '2024-11-09 12:33:22', 'Fecha: 2024-11-09 12:33:22 usuario: 0', 35, 0),
(36, '2024-11-09 12:33:24', 'Fecha: 2024-11-09 12:33:24 usuario: 0', 36, 0),
(37, '2024-11-09 12:33:24', 'Fecha: 2024-11-09 12:33:24 usuario: 0', 37, 0),
(38, '2024-11-09 12:33:25', 'Fecha: 2024-11-09 12:33:25 usuario: 0', 38, 0),
(39, '2024-11-09 12:33:25', 'Fecha: 2024-11-09 12:33:25 usuario: 0', 39, 0),
(40, '2024-11-09 12:33:26', 'Fecha: 2024-11-09 12:33:26 usuario: 0', 40, 0),
(41, '2024-11-09 12:33:26', 'Fecha: 2024-11-09 12:33:26 usuario: 0', 41, 0),
(42, '2024-11-09 12:33:26', 'Fecha: 2024-11-09 12:33:26 usuario: 0', 42, 0),
(43, '2024-11-09 12:33:27', 'Fecha: 2024-11-09 12:33:27 usuario: 0', 43, 0),
(44, '2024-11-09 12:33:27', 'Fecha: 2024-11-09 12:33:27 usuario: 0', 44, 0),
(45, '2024-11-09 12:33:27', 'Fecha: 2024-11-09 12:33:28 usuario: 0', 45, 0),
(46, '2024-11-09 12:33:28', 'Fecha: 2024-11-09 12:33:28 usuario: 0', 46, 0),
(47, '2024-11-09 12:33:29', 'Fecha: 2024-11-09 12:33:29 usuario: 0', 47, 0),
(48, '2024-11-09 12:33:29', 'Fecha: 2024-11-09 12:33:29 usuario: 0', 48, 0),
(49, '2024-11-09 12:33:30', 'Fecha: 2024-11-09 12:33:30 usuario: 0', 49, 0),
(50, '2024-11-09 12:33:30', 'Fecha: 2024-11-09 12:33:30 usuario: 0', 50, 0),
(51, '2024-11-09 12:33:31', 'Fecha: 2024-11-09 12:33:31 usuario: 0', 51, 0),
(52, '2024-11-09 12:33:31', 'Fecha: 2024-11-09 12:33:31 usuario: 0', 52, 0),
(53, '2024-11-09 12:33:32', 'Fecha: 2024-11-09 12:33:32 usuario: 0', 53, 0),
(54, '2024-11-09 12:33:32', 'Fecha: 2024-11-09 12:33:32 usuario: 0', 54, 0),
(55, '2024-11-09 12:33:32', 'Fecha: 2024-11-09 12:33:33 usuario: 0', 55, 0),
(56, '2024-11-09 12:33:34', 'Fecha: 2024-11-09 12:33:34 usuario: 0', 56, 0),
(57, '2024-11-09 12:33:35', 'Fecha: 2024-11-09 12:33:35 usuario: 0', 57, 0),
(58, '2024-11-09 12:33:35', 'Fecha: 2024-11-09 12:33:35 usuario: 0', 58, 0),
(59, '2024-11-09 12:33:36', 'Fecha: 2024-11-09 12:33:36 usuario: 0', 59, 0),
(60, '2024-11-09 12:33:37', 'Fecha: 2024-11-09 12:33:37 usuario: 0', 60, 0),
(61, '2024-11-09 12:33:37', 'Fecha: 2024-11-09 12:33:37 usuario: 0', 61, 0),
(62, '2024-11-09 12:33:38', 'Fecha: 2024-11-09 12:33:38 usuario: 0', 62, 0),
(63, '2024-11-09 12:33:38', 'Fecha: 2024-11-09 12:33:38 usuario: 0', 63, 0),
(64, '2024-11-09 12:33:42', 'Fecha: 2024-11-09 12:33:42 usuario: 0', 64, 0),
(65, '2024-11-09 12:33:43', 'Fecha: 2024-11-09 12:33:43 usuario: 0', 65, 0),
(66, '2024-11-09 12:33:49', 'Fecha: 2024-11-09 12:33:49 usuario: 0', 66, 0),
(67, '2024-11-09 12:33:51', 'Fecha: 2024-11-09 12:33:51 usuario: 0', 67, 0),
(68, '2024-11-09 12:33:52', 'Fecha: 2024-11-09 12:33:52 usuario: 0', 68, 0),
(69, '2024-11-09 12:34:35', 'Fecha: 2024-11-09 12:34:36 usuario: 0', 69, 0),
(70, '2024-11-09 12:34:36', 'Fecha: 2024-11-09 12:34:36 usuario: 0', 70, 0),
(71, '2024-11-09 12:34:37', 'Fecha: 2024-11-09 12:34:37 usuario: 0', 71, 0),
(72, '2024-11-09 12:34:38', 'Fecha: 2024-11-09 12:34:38 usuario: 0', 72, 0),
(73, '2024-11-09 12:34:38', 'Fecha: 2024-11-09 12:34:38 usuario: 0', 73, 0),
(74, '2024-11-09 12:34:38', 'Fecha: 2024-11-09 12:34:38 usuario: 0', 74, 0),
(75, '2024-11-09 12:34:39', 'Fecha: 2024-11-09 12:34:39 usuario: 0', 75, 0),
(76, '2024-11-09 12:34:39', 'Fecha: 2024-11-09 12:34:39 usuario: 0', 76, 0),
(77, '2024-11-09 12:34:40', 'Fecha: 2024-11-09 12:34:40 usuario: 0', 77, 0),
(78, '2024-11-09 12:34:40', 'Fecha: 2024-11-09 12:34:40 usuario: 0', 78, 0),
(79, '2024-11-09 12:34:40', 'Fecha: 2024-11-09 12:34:40 usuario: 0', 79, 0),
(80, '2024-11-09 12:34:41', 'Fecha: 2024-11-09 12:34:41 usuario: 0', 80, 0),
(81, '2024-11-09 12:34:41', 'Fecha: 2024-11-09 12:34:41 usuario: 0', 81, 0),
(82, '2024-11-09 12:34:42', 'Fecha: 2024-11-09 12:34:42 usuario: 0', 82, 0),
(83, '2024-11-09 12:34:42', 'Fecha: 2024-11-09 12:34:42 usuario: 0', 83, 0),
(84, '2024-11-09 12:34:43', 'Fecha: 2024-11-09 12:34:43 usuario: 0', 84, 0),
(85, '2024-11-09 12:34:43', 'Fecha: 2024-11-09 12:34:43 usuario: 0', 85, 0),
(86, '2024-11-09 12:34:43', 'Fecha: 2024-11-09 12:34:43 usuario: 0', 86, 0),
(87, '2024-11-09 12:34:44', 'Fecha: 2024-11-09 12:34:44 usuario: 0', 87, 0),
(88, '2024-11-09 12:34:44', 'Fecha: 2024-11-09 12:34:44 usuario: 0', 88, 0),
(89, '2024-11-09 12:34:45', 'Fecha: 2024-11-09 12:34:45 usuario: 0', 89, 0),
(90, '2024-11-09 12:34:45', 'Fecha: 2024-11-09 12:34:45 usuario: 0', 90, 0),
(91, '2024-11-09 12:34:45', 'Fecha: 2024-11-09 12:34:45 usuario: 0', 91, 0),
(92, '2024-11-09 12:34:46', 'Fecha: 2024-11-09 12:34:46 usuario: 0', 92, 0),
(93, '2024-11-09 12:34:46', 'Fecha: 2024-11-09 12:34:46 usuario: 0', 93, 0),
(94, '2024-11-09 12:34:47', 'Fecha: 2024-11-09 12:34:47 usuario: 0', 94, 0),
(95, '2024-11-09 12:34:47', 'Fecha: 2024-11-09 12:34:47 usuario: 0', 95, 0),
(96, '2024-11-09 12:34:49', 'Fecha: 2024-11-09 12:34:49 usuario: 0', 96, 0),
(97, '2024-11-09 12:34:50', 'Fecha: 2024-11-09 12:34:50 usuario: 0', 97, 0),
(98, '2024-11-09 12:34:51', 'Fecha: 2024-11-09 12:34:51 usuario: 0', 98, 0),
(99, '2024-11-09 12:34:52', 'Fecha: 2024-11-09 12:34:52 usuario: 0', 99, 0),
(100, '2024-11-09 12:34:53', 'Fecha: 2024-11-09 12:34:53 usuario: 0', 100, 0),
(101, '2024-11-09 12:34:54', 'Fecha: 2024-11-09 12:34:54 usuario: 0', 101, 0),
(102, '2024-11-09 12:34:54', 'Fecha: 2024-11-09 12:34:54 usuario: 0', 102, 0),
(103, '2024-11-09 12:34:55', 'Fecha: 2024-11-09 12:34:55 usuario: 0', 103, 0),
(104, '2024-11-09 12:34:56', 'Fecha: 2024-11-09 12:34:56 usuario: 0', 104, 0),
(105, '2024-11-09 12:34:57', 'Fecha: 2024-11-09 12:34:57 usuario: 0', 105, 0),
(106, '2024-11-09 12:34:57', 'Fecha: 2024-11-09 12:34:57 usuario: 0', 106, 0),
(107, '2024-11-09 12:34:57', 'Fecha: 2024-11-09 12:34:57 usuario: 0', 107, 0),
(108, '2024-11-09 12:34:58', 'Fecha: 2024-11-09 12:34:58 usuario: 0', 108, 0),
(109, '2024-11-09 12:34:59', 'Fecha: 2024-11-09 12:34:59 usuario: 0', 109, 0),
(110, '2024-11-09 12:34:59', 'Fecha: 2024-11-09 12:34:59 usuario: 0', 110, 0),
(111, '2024-11-09 12:35:00', 'Fecha: 2024-11-09 12:35:00 usuario: 0', 111, 0),
(112, '2024-11-09 12:35:01', 'Fecha: 2024-11-09 12:35:01 usuario: 0', 112, 0),
(113, '2024-11-09 12:35:01', 'Fecha: 2024-11-09 12:35:01 usuario: 0', 113, 0),
(114, '2024-11-09 12:35:02', 'Fecha: 2024-11-09 12:35:02 usuario: 0', 114, 0),
(115, '2024-11-09 12:35:03', 'Fecha: 2024-11-09 12:35:03 usuario: 0', 115, 0),
(116, '2024-11-09 12:35:03', 'Fecha: 2024-11-09 12:35:03 usuario: 0', 116, 0),
(117, '2024-11-09 12:35:04', 'Fecha: 2024-11-09 12:35:04 usuario: 0', 117, 0),
(118, '2024-11-09 13:03:55', 'Fecha: 2024-11-09 13:03:55 usuario: 0', 117, 0),
(119, '2024-11-09 13:04:00', 'Fecha: 2024-11-09 13:04:00 usuario: 0', 115, 0),
(120, '2024-11-09 13:04:01', 'Fecha: 2024-11-09 13:04:01 usuario: 0', 114, 0),
(121, '2024-11-09 13:04:03', 'Fecha: 2024-11-09 13:04:03 usuario: 0', 112, 0),
(122, '2024-11-09 13:08:42', 'Fecha: 2024-11-09 13:08:42 usuario: 1', 118, 1),
(123, '2024-11-09 13:08:44', 'Fecha: 2024-11-09 13:08:44 usuario: 1', 119, 1),
(124, '2024-11-09 13:08:44', 'Fecha: 2024-11-09 13:08:44 usuario: 1', 120, 1),
(125, '2024-11-09 13:08:45', 'Fecha: 2024-11-09 13:08:45 usuario: 1', 121, 1),
(126, '2024-11-09 13:08:46', 'Fecha: 2024-11-09 13:08:46 usuario: 1', 122, 1),
(127, '2024-11-09 13:08:47', 'Fecha: 2024-11-09 13:08:47 usuario: 1', 123, 1),
(128, '2024-11-09 13:08:48', 'Fecha: 2024-11-09 13:08:48 usuario: 1', 124, 1),
(129, '2024-11-09 13:08:49', 'Fecha: 2024-11-09 13:08:49 usuario: 1', 125, 1),
(130, '2024-11-09 13:08:52', 'Fecha: 2024-11-09 13:08:52 usuario: 1', 126, 1),
(131, '2024-11-09 13:08:53', 'Fecha: 2024-11-09 13:08:53 usuario: 1', 127, 1),
(132, '2024-11-09 13:08:54', 'Fecha: 2024-11-09 13:08:54 usuario: 1', 128, 1),
(133, '2024-11-09 13:08:56', 'Fecha: 2024-11-09 13:08:56 usuario: 1', 129, 1),
(134, '2024-11-09 13:08:57', 'Fecha: 2024-11-09 13:08:57 usuario: 1', 130, 1),
(135, '2024-11-09 13:08:58', 'Fecha: 2024-11-09 13:08:58 usuario: 1', 131, 1),
(136, '2024-11-09 13:09:00', 'Fecha: 2024-11-09 13:09:00 usuario: 1', 132, 1),
(137, '2024-11-09 13:09:02', 'Fecha: 2024-11-09 13:09:02 usuario: 1', 133, 1),
(138, '2024-11-09 13:09:05', 'Fecha: 2024-11-09 13:09:05 usuario: 1', 134, 1),
(139, '2024-11-09 13:09:07', 'Fecha: 2024-11-09 13:09:07 usuario: 1', 135, 1),
(140, '2024-11-09 13:09:08', 'Fecha: 2024-11-09 13:09:08 usuario: 1', 136, 1),
(141, '2024-11-09 13:09:11', 'Fecha: 2024-11-09 13:09:11 usuario: 1', 137, 1),
(142, '2024-11-09 13:09:12', 'Fecha: 2024-11-09 13:09:12 usuario: 1', 138, 1),
(143, '2024-11-09 13:09:14', 'Fecha: 2024-11-09 13:09:14 usuario: 1', 139, 1),
(144, '2024-11-09 13:09:15', 'Fecha: 2024-11-09 13:09:15 usuario: 1', 140, 1),
(145, '2024-11-09 13:09:17', 'Fecha: 2024-11-09 13:09:17 usuario: 1', 141, 1),
(146, '2024-11-09 13:09:19', 'Fecha: 2024-11-09 13:09:19 usuario: 1', 142, 1),
(147, '2024-11-09 13:09:20', 'Fecha: 2024-11-09 13:09:20 usuario: 1', 143, 1),
(148, '2024-11-09 13:09:21', 'Fecha: 2024-11-09 13:09:21 usuario: 1', 144, 1),
(149, '2024-11-09 13:09:23', 'Fecha: 2024-11-09 13:09:23 usuario: 1', 145, 1),
(150, '2024-11-09 13:09:25', 'Fecha: 2024-11-09 13:09:25 usuario: 1', 146, 1),
(151, '2024-11-09 13:09:27', 'Fecha: 2024-11-09 13:09:27 usuario: 1', 147, 1),
(152, '2024-11-09 13:09:29', 'Fecha: 2024-11-09 13:09:29 usuario: 1', 148, 1),
(153, '2024-11-09 13:09:30', 'Fecha: 2024-11-09 13:09:30 usuario: 1', 149, 1),
(154, '2024-11-09 13:09:31', 'Fecha: 2024-11-09 13:09:31 usuario: 1', 150, 1),
(155, '2024-11-09 13:09:34', 'Fecha: 2024-11-09 13:09:34 usuario: 1', 151, 1),
(156, '2024-11-09 13:09:35', 'Fecha: 2024-11-09 13:09:35 usuario: 1', 152, 1),
(157, '2024-11-09 13:09:37', 'Fecha: 2024-11-09 13:09:37 usuario: 1', 153, 1),
(158, '2024-11-09 13:09:39', 'Fecha: 2024-11-09 13:09:39 usuario: 1', 154, 1),
(159, '2024-11-09 13:09:41', 'Fecha: 2024-11-09 13:09:41 usuario: 1', 155, 1),
(160, '2024-11-09 13:09:43', 'Fecha: 2024-11-09 13:09:43 usuario: 1', 156, 1),
(161, '2024-11-09 13:10:18', 'Fecha: 2024-11-09 13:10:18 usuario: 1', 1, 1),
(162, '2024-11-09 13:10:22', 'Fecha: 2024-11-09 13:10:22 usuario: 1', 3, 1),
(163, '2024-11-09 13:10:24', 'Fecha: 2024-11-09 13:10:24 usuario: 1', 13, 1),
(164, '2024-11-09 13:10:27', 'Fecha: 2024-11-09 13:10:27 usuario: 1', 111, 1),
(165, '2024-11-09 13:10:29', 'Fecha: 2024-11-09 13:10:29 usuario: 1', 132, 1),
(166, '2024-11-09 13:10:31', 'Fecha: 2024-11-09 13:10:31 usuario: 1', 123, 1),
(167, '2024-11-09 13:16:05', 'Fecha: 2024-11-09 13:16:05 usuario: 3', 157, 3),
(168, '2024-11-09 13:16:06', 'Fecha: 2024-11-09 13:16:06 usuario: 3', 158, 3),
(169, '2024-11-09 13:16:07', 'Fecha: 2024-11-09 13:16:07 usuario: 3', 159, 3),
(170, '2024-11-09 13:16:07', 'Fecha: 2024-11-09 13:16:07 usuario: 3', 160, 3),
(171, '2024-11-09 13:16:08', 'Fecha: 2024-11-09 13:16:08 usuario: 3', 161, 3),
(172, '2024-11-09 13:16:09', 'Fecha: 2024-11-09 13:16:09 usuario: 3', 162, 3),
(173, '2024-11-09 13:16:10', 'Fecha: 2024-11-09 13:16:10 usuario: 3', 163, 3),
(174, '2024-11-09 13:16:11', 'Fecha: 2024-11-09 13:16:11 usuario: 3', 164, 3),
(175, '2024-11-09 13:16:12', 'Fecha: 2024-11-09 13:16:12 usuario: 3', 165, 3),
(176, '2024-11-09 13:16:12', 'Fecha: 2024-11-09 13:16:12 usuario: 3', 166, 3),
(177, '2024-11-09 13:16:17', 'Fecha: 2024-11-09 13:16:17 usuario: 3', 167, 3),
(178, '2024-11-09 13:16:18', 'Fecha: 2024-11-09 13:16:18 usuario: 3', 168, 3),
(179, '2024-11-09 13:16:19', 'Fecha: 2024-11-09 13:16:19 usuario: 3', 169, 3),
(180, '2024-11-09 13:16:20', 'Fecha: 2024-11-09 13:16:20 usuario: 3', 170, 3),
(181, '2024-11-09 13:16:21', 'Fecha: 2024-11-09 13:16:21 usuario: 3', 171, 3),
(182, '2024-11-09 13:16:22', 'Fecha: 2024-11-09 13:16:22 usuario: 3', 172, 3),
(183, '2024-11-09 13:16:23', 'Fecha: 2024-11-09 13:16:23 usuario: 3', 173, 3),
(184, '2024-11-09 13:16:24', 'Fecha: 2024-11-09 13:16:24 usuario: 3', 174, 3),
(185, '2024-11-09 13:16:25', 'Fecha: 2024-11-09 13:16:25 usuario: 3', 175, 3),
(186, '2024-11-09 13:16:26', 'Fecha: 2024-11-09 13:16:26 usuario: 3', 176, 3),
(187, '2024-11-09 13:16:27', 'Fecha: 2024-11-09 13:16:27 usuario: 3', 177, 3),
(188, '2024-11-09 13:16:27', 'Fecha: 2024-11-09 13:16:27 usuario: 3', 178, 3),
(189, '2024-11-09 13:16:28', 'Fecha: 2024-11-09 13:16:28 usuario: 3', 179, 3),
(190, '2024-11-09 13:16:30', 'Fecha: 2024-11-09 13:16:30 usuario: 3', 180, 3),
(191, '2024-11-09 13:16:31', 'Fecha: 2024-11-09 13:16:31 usuario: 3', 181, 3),
(192, '2024-11-09 13:16:32', 'Fecha: 2024-11-09 13:16:32 usuario: 3', 182, 3),
(193, '2024-11-09 13:16:39', 'Fecha: 2024-11-09 13:16:39 usuario: 3', 183, 3),
(194, '2024-11-09 13:16:40', 'Fecha: 2024-11-09 13:16:40 usuario: 3', 184, 3),
(195, '2024-11-09 13:16:44', 'Fecha: 2024-11-09 13:16:44 usuario: 3', 185, 3),
(196, '2024-11-09 13:16:53', 'Fecha: 2024-11-09 13:16:53 usuario: 3', 186, 3),
(197, '2024-11-09 13:16:56', 'Fecha: 2024-11-09 13:16:56 usuario: 3', 187, 3),
(198, '2024-11-09 13:16:57', 'Fecha: 2024-11-09 13:16:57 usuario: 3', 188, 3),
(199, '2024-11-09 13:16:58', 'Fecha: 2024-11-09 13:16:58 usuario: 3', 189, 3),
(200, '2024-11-09 13:16:59', 'Fecha: 2024-11-09 13:16:59 usuario: 3', 190, 3),
(201, '2024-11-09 13:17:01', 'Fecha: 2024-11-09 13:17:01 usuario: 3', 191, 3),
(202, '2024-11-09 13:17:02', 'Fecha: 2024-11-09 13:17:02 usuario: 3', 192, 3),
(203, '2024-11-09 13:17:03', 'Fecha: 2024-11-09 13:17:03 usuario: 3', 193, 3),
(204, '2024-11-09 13:17:04', 'Fecha: 2024-11-09 13:17:04 usuario: 3', 194, 3),
(205, '2024-11-09 13:17:06', 'Fecha: 2024-11-09 13:17:06 usuario: 3', 195, 3),
(206, '2024-11-09 13:17:08', 'Fecha: 2024-11-09 13:17:08 usuario: 3', 196, 3),
(207, '2024-11-09 13:17:10', 'Fecha: 2024-11-09 13:17:10 usuario: 3', 197, 3),
(208, '2024-11-09 13:17:11', 'Fecha: 2024-11-09 13:17:11 usuario: 3', 198, 3),
(209, '2024-11-09 13:17:12', 'Fecha: 2024-11-09 13:17:12 usuario: 3', 199, 3),
(210, '2024-11-09 13:17:13', 'Fecha: 2024-11-09 13:17:13 usuario: 3', 200, 3),
(211, '2024-11-09 13:17:15', 'Fecha: 2024-11-09 13:17:15 usuario: 3', 201, 3),
(212, '2024-11-09 13:17:18', 'Fecha: 2024-11-09 13:17:18 usuario: 3', 202, 3),
(213, '2024-11-09 13:17:19', 'Fecha: 2024-11-09 13:17:19 usuario: 3', 203, 3),
(214, '2024-11-09 13:17:20', 'Fecha: 2024-11-09 13:17:20 usuario: 3', 204, 3),
(215, '2024-11-09 13:17:21', 'Fecha: 2024-11-09 13:17:21 usuario: 3', 205, 3),
(216, '2024-11-09 13:17:23', 'Fecha: 2024-11-09 13:17:23 usuario: 3', 206, 3),
(217, '2024-11-09 13:17:24', 'Fecha: 2024-11-09 13:17:24 usuario: 3', 207, 3),
(218, '2024-11-09 13:17:26', 'Fecha: 2024-11-09 13:17:26 usuario: 3', 208, 3),
(219, '2024-11-09 13:17:28', 'Fecha: 2024-11-09 13:17:28 usuario: 3', 209, 3),
(220, '2024-11-09 13:17:29', 'Fecha: 2024-11-09 13:17:29 usuario: 3', 210, 3),
(221, '2024-11-09 13:17:30', 'Fecha: 2024-11-09 13:17:30 usuario: 3', 211, 3),
(222, '2024-11-09 13:17:32', 'Fecha: 2024-11-09 13:17:32 usuario: 3', 212, 3),
(223, '2024-11-09 13:17:33', 'Fecha: 2024-11-09 13:17:33 usuario: 3', 213, 3),
(224, '2024-11-09 13:17:35', 'Fecha: 2024-11-09 13:17:35 usuario: 3', 214, 3),
(225, '2024-11-09 13:17:36', 'Fecha: 2024-11-09 13:17:36 usuario: 3', 215, 3),
(226, '2024-11-09 13:17:38', 'Fecha: 2024-11-09 13:17:38 usuario: 3', 216, 3),
(227, '2024-11-09 13:17:40', 'Fecha: 2024-11-09 13:17:40 usuario: 3', 217, 3),
(228, '2024-11-09 13:17:41', 'Fecha: 2024-11-09 13:17:41 usuario: 3', 218, 3),
(229, '2024-11-09 13:17:42', 'Fecha: 2024-11-09 13:17:42 usuario: 3', 219, 3),
(230, '2024-11-09 13:17:43', 'Fecha: 2024-11-09 13:17:43 usuario: 3', 220, 3),
(231, '2024-11-09 13:17:44', 'Fecha: 2024-11-09 13:17:44 usuario: 3', 221, 3),
(232, '2024-11-09 13:17:46', 'Fecha: 2024-11-09 13:17:46 usuario: 3', 222, 3),
(233, '2024-11-09 13:17:48', 'Fecha: 2024-11-09 13:17:48 usuario: 3', 223, 3),
(234, '2024-11-09 13:17:49', 'Fecha: 2024-11-09 13:17:49 usuario: 3', 224, 3),
(235, '2024-11-09 13:17:50', 'Fecha: 2024-11-09 13:17:50 usuario: 3', 225, 3),
(236, '2024-11-09 13:17:51', 'Fecha: 2024-11-09 13:17:51 usuario: 3', 226, 3),
(237, '2024-11-09 13:17:53', 'Fecha: 2024-11-09 13:17:53 usuario: 3', 227, 3),
(238, '2024-11-09 13:17:54', 'Fecha: 2024-11-09 13:17:54 usuario: 3', 228, 3),
(239, '2024-11-09 13:17:55', 'Fecha: 2024-11-09 13:17:55 usuario: 3', 229, 3),
(240, '2024-11-09 13:17:56', 'Fecha: 2024-11-09 13:17:56 usuario: 3', 230, 3),
(241, '2024-11-09 13:17:57', 'Fecha: 2024-11-09 13:17:57 usuario: 3', 231, 3),
(242, '2024-11-09 13:18:00', 'Fecha: 2024-11-09 13:18:00 usuario: 3', 232, 3),
(243, '2024-11-09 13:18:01', 'Fecha: 2024-11-09 13:18:01 usuario: 3', 233, 3),
(244, '2024-11-09 13:18:02', 'Fecha: 2024-11-09 13:18:02 usuario: 3', 234, 3),
(245, '2024-11-09 13:18:06', 'Fecha: 2024-11-09 13:18:06 usuario: 3', 1, 3),
(246, '2024-11-09 13:18:58', 'Fecha: 2024-11-09 13:18:58 usuario: 2', 235, 2),
(247, '2024-11-09 13:18:59', 'Fecha: 2024-11-09 13:18:59 usuario: 2', 236, 2),
(248, '2024-11-09 13:18:59', 'Fecha: 2024-11-09 13:18:59 usuario: 2', 237, 2),
(249, '2024-11-09 13:19:00', 'Fecha: 2024-11-09 13:19:00 usuario: 2', 238, 2),
(250, '2024-11-09 13:19:01', 'Fecha: 2024-11-09 13:19:01 usuario: 2', 239, 2),
(251, '2024-11-09 13:19:01', 'Fecha: 2024-11-09 13:19:01 usuario: 2', 240, 2),
(252, '2024-11-09 13:19:02', 'Fecha: 2024-11-09 13:19:02 usuario: 2', 241, 2),
(253, '2024-11-09 13:19:02', 'Fecha: 2024-11-09 13:19:02 usuario: 2', 242, 2),
(254, '2024-11-09 13:19:03', 'Fecha: 2024-11-09 13:19:03 usuario: 2', 243, 2),
(255, '2024-11-09 13:19:05', 'Fecha: 2024-11-09 13:19:05 usuario: 2', 244, 2),
(256, '2024-11-09 13:19:06', 'Fecha: 2024-11-09 13:19:06 usuario: 2', 245, 2),
(257, '2024-11-09 13:19:07', 'Fecha: 2024-11-09 13:19:07 usuario: 2', 246, 2),
(258, '2024-11-09 13:19:08', 'Fecha: 2024-11-09 13:19:08 usuario: 2', 247, 2),
(259, '2024-11-09 13:19:10', 'Fecha: 2024-11-09 13:19:10 usuario: 2', 248, 2),
(260, '2024-11-09 13:19:11', 'Fecha: 2024-11-09 13:19:11 usuario: 2', 249, 2),
(261, '2024-11-09 13:19:12', 'Fecha: 2024-11-09 13:19:12 usuario: 2', 250, 2),
(262, '2024-11-09 13:19:13', 'Fecha: 2024-11-09 13:19:13 usuario: 2', 251, 2),
(263, '2024-11-09 13:19:14', 'Fecha: 2024-11-09 13:19:14 usuario: 2', 252, 2),
(264, '2024-11-09 13:19:15', 'Fecha: 2024-11-09 13:19:15 usuario: 2', 253, 2),
(265, '2024-11-09 13:19:16', 'Fecha: 2024-11-09 13:19:16 usuario: 2', 254, 2),
(266, '2024-11-09 13:19:17', 'Fecha: 2024-11-09 13:19:17 usuario: 2', 255, 2),
(267, '2024-11-09 13:19:23', 'Fecha: 2024-11-09 13:19:23 usuario: 2', 256, 2),
(268, '2024-11-09 13:19:25', 'Fecha: 2024-11-09 13:19:25 usuario: 2', 1, 2),
(269, '2024-11-09 13:19:26', 'Fecha: 2024-11-09 13:19:26 usuario: 2', 1, 2),
(270, '2024-11-09 13:19:28', 'Fecha: 2024-11-09 13:19:28 usuario: 2', 1, 2),
(271, '2024-11-09 13:19:29', 'Fecha: 2024-11-09 13:19:29 usuario: 2', 257, 2),
(272, '2024-11-09 13:19:30', 'Fecha: 2024-11-09 13:19:30 usuario: 2', 258, 2),
(273, '2024-11-09 13:19:32', 'Fecha: 2024-11-09 13:19:32 usuario: 2', 259, 2),
(274, '2024-11-09 13:19:33', 'Fecha: 2024-11-09 13:19:33 usuario: 2', 260, 2),
(275, '2024-11-09 13:19:34', 'Fecha: 2024-11-09 13:19:34 usuario: 2', 261, 2),
(276, '2024-11-09 13:19:35', 'Fecha: 2024-11-09 13:19:35 usuario: 2', 262, 2),
(277, '2024-11-09 13:19:36', 'Fecha: 2024-11-09 13:19:36 usuario: 2', 263, 2),
(278, '2024-11-09 13:19:37', 'Fecha: 2024-11-09 13:19:37 usuario: 2', 264, 2),
(279, '2024-11-09 13:19:39', 'Fecha: 2024-11-09 13:19:39 usuario: 2', 265, 2),
(280, '2024-11-09 13:19:42', 'Fecha: 2024-11-09 13:19:42 usuario: 2', 266, 2),
(281, '2024-11-09 13:19:43', 'Fecha: 2024-11-09 13:19:43 usuario: 2', 267, 2),
(282, '2024-11-09 13:19:44', 'Fecha: 2024-11-09 13:19:44 usuario: 2', 268, 2),
(283, '2024-11-09 13:19:46', 'Fecha: 2024-11-09 13:19:46 usuario: 2', 269, 2),
(284, '2024-11-09 13:19:47', 'Fecha: 2024-11-09 13:19:47 usuario: 2', 270, 2),
(285, '2024-11-09 13:19:48', 'Fecha: 2024-11-09 13:19:48 usuario: 2', 271, 2),
(286, '2024-11-09 13:19:49', 'Fecha: 2024-11-09 13:19:49 usuario: 2', 272, 2),
(287, '2024-11-09 13:19:51', 'Fecha: 2024-11-09 13:19:51 usuario: 2', 273, 2),
(288, '2024-11-09 13:19:52', 'Fecha: 2024-11-09 13:19:52 usuario: 2', 274, 2),
(289, '2024-11-09 13:19:54', 'Fecha: 2024-11-09 13:19:54 usuario: 2', 275, 2),
(290, '2024-11-09 13:19:55', 'Fecha: 2024-11-09 13:19:55 usuario: 2', 276, 2),
(291, '2024-11-09 13:19:56', 'Fecha: 2024-11-09 13:19:56 usuario: 2', 277, 2),
(292, '2024-11-09 13:19:57', 'Fecha: 2024-11-09 13:19:57 usuario: 2', 278, 2),
(293, '2024-11-09 13:19:58', 'Fecha: 2024-11-09 13:19:58 usuario: 2', 279, 2),
(294, '2024-11-09 13:20:00', 'Fecha: 2024-11-09 13:20:00 usuario: 2', 280, 2);

-- --------------------------------------------------------

--
-- Estructura de tabla para la tabla `personas`
--

CREATE TABLE `personas` (
  `nombre` varchar(100) NOT NULL,
  `email` varchar(100) NOT NULL,
  `id` int(11) NOT NULL
) ENGINE=InnoDB DEFAULT CHARSET=utf8mb4 COLLATE=utf8mb4_general_ci;

--
-- Volcado de datos para la tabla `personas`
--

INSERT INTO `personas` (`nombre`, `email`, `id`) VALUES
('ADMIM', 'ADMINISTRADOR@VIVERO.ES', 0),
('JAVIER', 'JAVIERVIVERO@GMAIL.COM', 1),
('PABLO', 'PABLOGESTOR@GMAIL.COM', 2),
('SAMUEL', 'SAMUELPERSONAL@GMAIL.ES', 3);

-- --------------------------------------------------------

--
-- Estructura de tabla para la tabla `plantas`
--

CREATE TABLE `plantas` (
  `codigo` varchar(50) NOT NULL,
  `nombrecomun` varchar(100) NOT NULL,
  `nombrecientifico` varchar(100) DEFAULT NULL
) ENGINE=InnoDB DEFAULT CHARSET=utf8mb4 COLLATE=utf8mb4_general_ci;

--
-- Volcado de datos para la tabla `plantas`
--

INSERT INTO `plantas` (`codigo`, `nombrecomun`, `nombrecientifico`) VALUES
('CDEF', 'ALBAHACA', 'OCIMUM BASILICUM'),
('CDGH', 'FICUS', 'FICUS BENJAMINA'),
('GHIJ', 'MANZANILLA', 'MATRICARIA CHAMOMILLA'),
('HRTF', 'ROSA', 'ROSA'),
('IJKL', 'ALOE', 'ALOE VER'),
('IJKM', 'BEGONIA', 'BEGONIA SEMPERFLORENS'),
('MNOP', 'ROMERO', 'SALVIA ROSMARINUS'),
('NOPQ', 'MARGARITA', 'BELLIS PERENNIS'),
('OPQR', 'AZALEA', 'RHODODENDRON'),
('QRST', 'CACTUS', 'CACTACEAE'),
('RSTU', 'HELECHO', 'PTERIDOPHYTA'),
('STUV', 'HORTENSIA', 'HYDRANGEA MACROPHYLLA'),
('VWXY', 'LIRIO', 'LILIUM CANDIDUM'),
('WXYZ', 'GARDENIA', 'GARDENIA JASMINOIDES'),
('YZAB', 'GIRASOL', 'HELIANTHUS ANNUUS');

-- --------------------------------------------------------

--
-- Estructura de tabla para la tabla `seguimientos`
--

CREATE TABLE `seguimientos` (
  `idpersona` int(11) NOT NULL,
  `idejemplar` int(11) NOT NULL,
  `idmensaje` int(11) NOT NULL
) ENGINE=InnoDB DEFAULT CHARSET=utf8mb4 COLLATE=utf8mb4_general_ci;

--
-- Volcado de datos para la tabla `seguimientos`
--

INSERT INTO `seguimientos` (`idpersona`, `idejemplar`, `idmensaje`) VALUES
(0, 1, 1),
(0, 2, 2),
(0, 3, 3),
(0, 4, 4),
(0, 5, 5),
(0, 6, 6),
(0, 7, 7),
(0, 8, 8),
(0, 9, 9),
(0, 10, 10),
(0, 11, 11),
(0, 12, 12),
(0, 13, 13),
(0, 14, 14),
(0, 15, 15),
(0, 16, 16),
(0, 17, 17),
(0, 18, 18),
(0, 19, 19),
(0, 20, 20),
(0, 21, 21),
(0, 22, 22),
(0, 23, 23),
(0, 24, 24),
(0, 25, 25),
(0, 26, 26),
(0, 27, 27),
(0, 28, 28),
(0, 29, 29),
(0, 30, 30),
(0, 31, 31),
(0, 32, 32),
(0, 33, 33),
(0, 34, 34),
(0, 35, 35),
(0, 36, 36),
(0, 37, 37),
(0, 38, 38),
(0, 39, 39),
(0, 40, 40),
(0, 41, 41),
(0, 42, 42),
(0, 43, 43),
(0, 44, 44),
(0, 45, 45),
(0, 46, 46),
(0, 47, 47),
(0, 48, 48),
(0, 49, 49),
(0, 50, 50),
(0, 51, 51),
(0, 52, 52),
(0, 53, 53),
(0, 54, 54),
(0, 55, 55),
(0, 56, 56),
(0, 57, 57),
(0, 58, 58),
(0, 59, 59),
(0, 60, 60),
(0, 61, 61),
(0, 62, 62),
(0, 63, 63),
(0, 64, 64),
(0, 65, 65),
(0, 66, 66),
(0, 67, 67),
(0, 68, 68),
(0, 69, 69),
(0, 70, 70),
(0, 71, 71),
(0, 72, 72),
(0, 73, 73),
(0, 74, 74),
(0, 75, 75),
(0, 76, 76),
(0, 77, 77),
(0, 78, 78),
(0, 79, 79),
(0, 80, 80),
(0, 81, 81),
(0, 82, 82),
(0, 83, 83),
(0, 84, 84),
(0, 85, 85),
(0, 86, 86),
(0, 87, 87),
(0, 88, 88),
(0, 89, 89),
(0, 90, 90),
(0, 91, 91),
(0, 92, 92),
(0, 93, 93),
(0, 94, 94),
(0, 95, 95),
(0, 96, 96),
(0, 97, 97),
(0, 98, 98),
(0, 99, 99),
(0, 100, 100),
(0, 101, 101),
(0, 102, 102),
(0, 103, 103),
(0, 104, 104),
(0, 105, 105),
(0, 106, 106),
(0, 107, 107),
(0, 108, 108),
(0, 109, 109),
(0, 110, 110),
(0, 111, 111),
(0, 112, 112),
(0, 112, 121),
(0, 113, 113),
(0, 114, 114),
(0, 114, 120),
(0, 115, 115),
(0, 115, 119),
(0, 116, 116),
(0, 117, 117),
(0, 117, 118),
(1, 1, 161),
(1, 3, 162),
(1, 13, 163),
(1, 111, 164),
(1, 118, 122),
(1, 119, 123),
(1, 120, 124),
(1, 121, 125),
(1, 122, 126),
(1, 123, 127),
(1, 123, 166),
(1, 124, 128),
(1, 125, 129),
(1, 126, 130),
(1, 127, 131),
(1, 128, 132),
(1, 129, 133),
(1, 130, 134),
(1, 131, 135),
(1, 132, 136),
(1, 132, 165),
(1, 133, 137),
(1, 134, 138),
(1, 135, 139),
(1, 136, 140),
(1, 137, 141),
(1, 138, 142),
(1, 139, 143),
(1, 140, 144),
(1, 141, 145),
(1, 142, 146),
(1, 143, 147),
(1, 144, 148),
(1, 145, 149),
(1, 146, 150),
(1, 147, 151),
(1, 148, 152),
(1, 149, 153),
(1, 150, 154),
(1, 151, 155),
(1, 152, 156),
(1, 153, 157),
(1, 154, 158),
(1, 155, 159),
(1, 156, 160),
(2, 1, 268),
(2, 1, 269),
(2, 1, 270),
(2, 235, 246),
(2, 236, 247),
(2, 237, 248),
(2, 238, 249),
(2, 239, 250),
(2, 240, 251),
(2, 241, 252),
(2, 242, 253),
(2, 243, 254),
(2, 244, 255),
(2, 245, 256),
(2, 246, 257),
(2, 247, 258),
(2, 248, 259),
(2, 249, 260),
(2, 250, 261),
(2, 251, 262),
(2, 252, 263),
(2, 253, 264),
(2, 254, 265),
(2, 255, 266),
(2, 256, 267),
(2, 257, 271),
(2, 258, 272),
(2, 259, 273),
(2, 260, 274),
(2, 261, 275),
(2, 262, 276),
(2, 263, 277),
(2, 264, 278),
(2, 265, 279),
(2, 266, 280),
(2, 267, 281),
(2, 268, 282),
(2, 269, 283),
(2, 270, 284),
(2, 271, 285),
(2, 272, 286),
(2, 273, 287),
(2, 274, 288),
(2, 275, 289),
(2, 276, 290),
(2, 277, 291),
(2, 278, 292),
(2, 279, 293),
(2, 280, 294),
(3, 1, 245),
(3, 157, 167),
(3, 158, 168),
(3, 159, 169),
(3, 160, 170),
(3, 161, 171),
(3, 162, 172),
(3, 163, 173),
(3, 164, 174),
(3, 165, 175),
(3, 166, 176),
(3, 167, 177),
(3, 168, 178),
(3, 169, 179),
(3, 170, 180),
(3, 171, 181),
(3, 172, 182),
(3, 173, 183),
(3, 174, 184),
(3, 175, 185),
(3, 176, 186),
(3, 177, 187),
(3, 178, 188),
(3, 179, 189),
(3, 180, 190),
(3, 181, 191),
(3, 182, 192),
(3, 183, 193),
(3, 184, 194),
(3, 185, 195),
(3, 186, 196),
(3, 187, 197),
(3, 188, 198),
(3, 189, 199),
(3, 190, 200),
(3, 191, 201),
(3, 192, 202),
(3, 193, 203),
(3, 194, 204),
(3, 195, 205),
(3, 196, 206),
(3, 197, 207),
(3, 198, 208),
(3, 199, 209),
(3, 200, 210),
(3, 201, 211),
(3, 202, 212),
(3, 203, 213),
(3, 204, 214),
(3, 205, 215),
(3, 206, 216),
(3, 207, 217),
(3, 208, 218),
(3, 209, 219),
(3, 210, 220),
(3, 211, 221),
(3, 212, 222),
(3, 213, 223),
(3, 214, 224),
(3, 215, 225),
(3, 216, 226),
(3, 217, 227),
(3, 218, 228),
(3, 219, 229),
(3, 220, 230),
(3, 221, 231),
(3, 222, 232),
(3, 223, 233),
(3, 224, 234),
(3, 225, 235),
(3, 226, 236),
(3, 227, 237),
(3, 228, 238),
(3, 229, 239),
(3, 230, 240),
(3, 231, 241),
(3, 232, 242),
(3, 233, 243),
(3, 234, 244);

--
-- Índices para tablas volcadas
--

--
-- Indices de la tabla `credenciales`
--
ALTER TABLE `credenciales`
  ADD PRIMARY KEY (`id`),
  ADD KEY `idpersona` (`idpersona`);

--
-- Indices de la tabla `ejemplares`
--
ALTER TABLE `ejemplares`
  ADD PRIMARY KEY (`id`),
  ADD KEY `codigoplanta` (`codigoplanta`);

--
-- Indices de la tabla `mensajes`
--
ALTER TABLE `mensajes`
  ADD PRIMARY KEY (`id`),
  ADD KEY `idejemplar` (`idejemplar`),
  ADD KEY `idpersona` (`idpersona`);

--
-- Indices de la tabla `personas`
--
ALTER TABLE `personas`
  ADD PRIMARY KEY (`id`),
  ADD UNIQUE KEY `email` (`email`);

--
-- Indices de la tabla `plantas`
--
ALTER TABLE `plantas`
  ADD PRIMARY KEY (`codigo`);

--
-- Indices de la tabla `seguimientos`
--
ALTER TABLE `seguimientos`
  ADD PRIMARY KEY (`idpersona`,`idejemplar`,`idmensaje`),
  ADD KEY `idejemplar` (`idejemplar`),
  ADD KEY `idmensaje` (`idmensaje`),
  ADD KEY `idpersona` (`idpersona`);

--
-- AUTO_INCREMENT de las tablas volcadas
--

--
-- AUTO_INCREMENT de la tabla `credenciales`
--
ALTER TABLE `credenciales`
  MODIFY `id` int(11) NOT NULL AUTO_INCREMENT, AUTO_INCREMENT=4;

--
-- AUTO_INCREMENT de la tabla `ejemplares`
--
ALTER TABLE `ejemplares`
  MODIFY `id` int(11) NOT NULL AUTO_INCREMENT, AUTO_INCREMENT=281;

--
-- AUTO_INCREMENT de la tabla `mensajes`
--
ALTER TABLE `mensajes`
  MODIFY `id` int(11) NOT NULL AUTO_INCREMENT, AUTO_INCREMENT=295;

--
-- Restricciones para tablas volcadas
--

--
-- Filtros para la tabla `credenciales`
--
ALTER TABLE `credenciales`
  ADD CONSTRAINT `credenciales_ibfk_1` FOREIGN KEY (`idpersona`) REFERENCES `personas` (`id`) ON UPDATE CASCADE;

--
-- Filtros para la tabla `ejemplares`
--
ALTER TABLE `ejemplares`
  ADD CONSTRAINT `ejemplares_ibfk_1` FOREIGN KEY (`codigoplanta`) REFERENCES `plantas` (`codigo`) ON UPDATE CASCADE;

--
-- Filtros para la tabla `mensajes`
--
ALTER TABLE `mensajes`
  ADD CONSTRAINT `mensajes_ibfk_1` FOREIGN KEY (`idejemplar`) REFERENCES `ejemplares` (`id`) ON UPDATE CASCADE,
  ADD CONSTRAINT `mensajes_ibfk_2` FOREIGN KEY (`idpersona`) REFERENCES `personas` (`id`) ON UPDATE CASCADE;

--
-- Filtros para la tabla `seguimientos`
--
ALTER TABLE `seguimientos`
  ADD CONSTRAINT `seguimientos_ibfk_1` FOREIGN KEY (`idejemplar`) REFERENCES `ejemplares` (`id`) ON DELETE CASCADE,
  ADD CONSTRAINT `seguimientos_ibfk_2` FOREIGN KEY (`idmensaje`) REFERENCES `mensajes` (`id`) ON DELETE CASCADE,
  ADD CONSTRAINT `seguimientos_ibfk_3` FOREIGN KEY (`idpersona`) REFERENCES `personas` (`id`) ON DELETE CASCADE;
COMMIT;

/*!40101 SET CHARACTER_SET_CLIENT=@OLD_CHARACTER_SET_CLIENT */;
/*!40101 SET CHARACTER_SET_RESULTS=@OLD_CHARACTER_SET_RESULTS */;
/*!40101 SET COLLATION_CONNECTION=@OLD_COLLATION_CONNECTION */;
